name,symbol,cap,market
한화시스템,272210,12180,kospi
라파스,214260,1331,kosdaq
아이티엠반도체,084850,7977,kosdaq
미래에셋대우스팩4호,333430,88,kosdaq
자이에스앤디,317400,1553,kospi
미디어젠,279600,396,kosdaq
하나금융14호스팩,332710,89,kosdaq
신한제6호스팩,333050,101,kosdaq
티라유텍,322180,1030,kosdaq
롯데리츠,330590,11264,kospi
지누스,013890,12886,kospi
교보9호스팩,331520,78,kosdaq
캐리소프트,317530,568,kosdaq
한국미라클피플사,331660,199,konex
케이엔제이,272110,646,kosdaq
엔바이오니아,317870,660,kosdaq
팜스빌,318010,900,kosdaq
두산솔루스,336370,6091,kospi
두산퓨얼셀,336260,4426,kospi
라온피플,300120,1756,kosdaq
제이콘텐트리,036420,5431,kospi
아톤,158430,1619,kosdaq
녹십자웰빙,234690,1793,kosdaq
대신밸런스제7호스팩,332290,105,kosdaq
유진스팩5호,331380,82,kosdaq
엔지브이아이,093510,37,konex
케이비제19호스팩,330990,88,kosdaq
올리패스,244460,3132,kosdaq
라닉스,317120,698,kosdaq
하나금융13호스팩,320000,70,kosdaq
한독크린텍,256150,684,kosdaq
아퓨어스,149300,530,konex
상상인이안제2호스팩,329560,78,kosdaq
네오크레마,311390,776,kosdaq
마니커에프앤지,195500,921,kosdaq
미래에셋대우스팩3호,328380,132,kosdaq
나노브릭,286750,490,kosdaq
에스피시스템스,317830,563,kosdaq
레이,228670,2458,kosdaq
그린플러스,186230,527,kosdaq
케어룸의료산업,327970,130,konex
코윈테크,282880,2357,kosdaq
덕산테코피아,317330,3326,kosdaq
슈프리마아이디,317770,584,kosdaq
한국바이오젠,318000,631,kosdaq
세경하이테크,148150,3368,kosdaq
윌링스,313760,627,kosdaq
대모,317850,585,kosdaq
에이스토리,241840,924,kosdaq
플리토,300080,1125,kosdaq
이베스트이안스팩1호,323210,66,kosdaq
구스앤홈,329050,172,konex
세틀뱅크,234340,2979,kosdaq
아이스크림에듀,289010,1006,kosdaq
펨토바이오메드,327610,630,konex
펌텍코리아,251970,2362,kosdaq
에이에프더블류,312610,1388,kosdaq
티티씨디펜스,309900,599,konex
신영스팩5호,323280,73,kosdaq
케이비제18호스팩,323940,159,kosdaq
신한제5호스팩,323230,89,kosdaq
압타바이오,293780,2002,kosdaq
까스텔바작,308100,696,kosdaq
마이크로디지탈,305090,577,kosdaq
원바이오젠,278380,184,konex
DB금융스팩7호,322780,94,kosdaq
유진스팩4호,321260,72,kosdaq
포스코케미칼,003670,28573,kospi
수젠텍,253840,818,kosdaq
컴퍼니케이,307930,1380,kosdaq
다원넥스뷰,323350,131,konex
피에스케이,319660,2517,kosdaq
엔에이치스팩14호,319400,177,kosdaq
SNK,950180,3939,kosdaq
한화에스비아이스팩,317320,139,kosdaq
하이제4호스팩,317240,91,kosdaq
이노벡스,279060,88,konex
아모그린텍,125210,1399,kosdaq
현대오토에버,307950,1710,kospi
지노믹트리,228760,4277,kosdaq
케이비17호스팩,317030,114,kosdaq
이지케어텍,099750,1089,kosdaq
유안타제4호스팩,313750,95,kosdaq
미래에셋벤처투자,100790,1492,kosdaq
드림텍,192650,4266,kospi
더블유게임즈,192080,8975,kospi
에코프로비엠,247540,172,kosdaq
셀리드,299660,2487,kosdaq
우리금융지주,316140,86311,kospi
천보,278280,5870,kosdaq
이노테라피,246960,714,kosdaq
노랑풍선,104620,779,kosdaq
웹케시,053580,2841,kosdaq
엘에이티,311060,104,konex
대원모방,311840,368,konex
에어부산,298690,4009,kospi
비피도,238200,1129,kosdaq
지놈앤컴퍼니,314130,2731,konex
키움제5호스팩,311270,74,kosdaq
엔에이치스팩13호,310840,71,kosdaq
유틸렉스,263050,4498,kosdaq
디케이티,290550,1074,kosdaq
미래에셋대우스팩2호,310200,63,kosdaq
신영스팩4호,307180,99,kosdaq
테크엔,308700,74,konex
삼성머스트스팩3호,309930,96,kosdaq
위지윅스튜디오,299900,1525,kosdaq
한국제8호스팩,310870,72,kosdaq
대신밸런스제6호스팩,307750,103,kosdaq
에이비엘바이오,298380,9332,kosdaq
프로테옴텍,303360,591,konex
머큐리,100590,1335,kosdaq
전진바이오팜,110020,392,kosdaq
뉴트리,270870,1368,kosdaq
상상인이안1호스팩,307870,98,kosdaq
이노메트리,302430,1469,kosdaq
SK4호스팩,307070,106,kosdaq
대유에이피,290120,946,kosdaq
교보8호스팩,307280,80,kosdaq
에코캡,128540,453,kosdaq
베스파,299910,1271,kosdaq
비엔에프코퍼레이션,271780,51,konex
윙입푸드,900340,883,kosdaq
하나머스트제6호스팩,307160,96,kosdaq
남화산업,111710,3006,kosdaq
엠아이텍,179290,1351,kosdaq
티로보틱스,117730,591,kosdaq
네오펙트,290660,597,kosdaq
에이펙스인텍,207490,491,konex
티앤알바이오팹,246710,876,kosdaq
나라소프트,288490,116,konex
아시아나IDT,267850,2797,kospi
디알젬,263690,951,kosdaq
싸이토젠,217330,668,kosdaq
아주IB투자,027360,1383,kosdaq
파멥신,208340,2958,kosdaq
디케이앤디,263020,488,kosdaq
아이엘사이언스,122050,340,konex
디자인,227100,258,kosdaq
노바렉스,194700,1949,kosdaq
셀리버리,268600,4770,kosdaq
대보마그네틱,290670,795,kosdaq
노바텍,285490,786,kosdaq
엘앤씨바이오,290650,1671,kosdaq
DB금융스팩6호,306620,98,kosdaq
로보티즈,108490,1288,kosdaq
옵티팜,153710,1331,kosdaq
에스퓨얼셀,288620,1091,kosdaq
세아제강,306200,1736,kospi
나우아이비캐피탈,293580,430,kosdaq
푸드나무,290720,1143,kosdaq
하나제약,293480,3734,kospi
크리스에프앤씨,110790,2296,kosdaq
IBKS제10호스팩,299170,89,kosdaq
지티지웰니스,219750,445,kosdaq
우진아이엔에스,010400,636,kospi
명성티엔에스,257370,870,kosdaq
삼성스팩2호,291230,155,kosdaq
엔솔바이오사이언스,140610,788,konex
디지캡,197140,339,kosdaq
지니틱스,303030,992,kosdaq
액트로,290740,1214,kosdaq
오파스넷,173130,260,kosdaq
에이피티씨,089970,1473,kosdaq
바이오솔루션,086820,2788,kosdaq
리메드,302550,958,konex
더콘텐츠온,302920,556,konex
대유,290380,1100,kosdaq
신한알파리츠,293940,4020,kospi
디아이티,110990,1606,kosdaq
에스에스알,275630,381,kosdaq
한일시멘트,300720,4095,kospi
휴네시온,290270,509,kosdaq
티웨이항공,091810,2485,kospi
롯데정보통신,286940,6936,kospi
한국유니온제약,080720,841,kosdaq
그리티,204020,608,kosdaq
알로이스,297570,434,kosdaq
올릭스,226950,2606,kosdaq
테크트랜스,258050,144,konex
효성중공업,298040,2541,kospi
효성첨단소재,298050,4883,kospi
효성티앤씨,298020,7141,kospi
효성화학,298000,4929,kospi
아이큐어,175250,2001,kosdaq
SV인베스트먼트,289080,1001,kosdaq
엘리비젼,276240,27,konex
지앤이헬스케어,299480,200,konex
이리츠코크렙,088260,4611,kospi
EDGC,245620,2105,kosdaq
에스엠비나,299670,185,konex
HDC현대산업개발,294870,12720,kospi
하나금융11호스팩,284620,113,kosdaq
파워넷,037030,534,kosdaq
현대사료,016790,830,kosdaq
세종메디칼,258830,569,kosdaq
제노레이,122310,1100,kosdaq
디피코,163430,82,konex
한국제7호스팩,291210,103,kosdaq
다이노나,086080,824,konex
유안타제3호스팩,287410,88,kosdaq
에스제이켐,217910,43,konex
JTC,950170,2828,kosdaq
네오셈,253590,475,kosdaq
위세아이텍,065370,340,konex
케어랩스,263700,980,kosdaq
애경산업,018250,7685,kospi
에코마이스터,064510,686,kosdaq
린드먼아시아,277070,558,kosdaq
오스테오닉,226400,261,kosdaq
엔지켐생명과학,183490,4786,kosdaq
동구바이오제약,006620,1599,kosdaq
아시아종묘,154030,545,kosdaq
알리코제약,260660,1492,kosdaq
셀트리온,068270,237422,kospi
카페24,042000,5064,kosdaq
링크제니시스,219420,843,kosdaq
배럴,267790,930,kosdaq
SG,255220,929,kosdaq
씨앤지하이테크,264660,674,kosdaq
쿠쿠홈시스,284740,8952,kospi
SK케미칼,285130,6317,kospi
시스웍,269620,450,kosdaq
TS트릴리온,284610,751,konex
라이프사이언스테크놀로지,285770,96,konex
한국제6호스팩,281410,93,kosdaq
디바이스이엔지,187870,695,kosdaq
바이오시네틱스,281310,188,konex
씨알푸드,236030,297,konex
동부스팩5호,281740,112,kosdaq
휴럼,284420,309,konex
BGF리테일,282330,31111,kospi
동양피스톤,092780,629,kospi
진에어,272450,4590,kospi
씨티케이코스메틱스,260930,1361,kosdaq
메카로,241770,1330,kosdaq
에스트래픽,234300,895,kosdaq
케이씨텍,281820,3641,kospi
체리부로,066360,768,kosdaq
대원,007680,1359,kosdaq
비즈니스온,138580,1422,kosdaq
동아타이어,282690,1682,kospi
삼양패키징,272550,2309,kospi
한화에이스스팩4호,279410,72,kosdaq
스튜디오드래곤,253450,22139,kosdaq
IBKS제7호스팩,276920,76,kosdaq
비디아이,148140,658,kosdaq
코오롱티슈진,950160,4896,kosdaq
테이팩스,055490,1052,kospi
파인이엠텍,278990,163,konex
롯데제과,280360,9112,kospi
티에스아이,277880,1359,konex
탑선,180060,993,konex
영화테크,265560,615,kosdaq
세원,234100,701,kosdaq
신한제4호스팩,277480,124,kosdaq
상신전자,263810,469,kosdaq
야스,255440,2762,kosdaq
인산가,277410,498,kosdaq
블러썸엠앤씨,263920,773,kosdaq
신흥에스이씨,243840,2323,kosdaq
유티아이,179900,2816,kosdaq
선익시스템,171090,739,kosdaq
엠플러스,259630,842,kosdaq
앱클론,174900,2827,kosdaq
샘코,263540,651,kosdaq
펄어비스,263750,26554,kosdaq
두원석재,270020,81,konex
케이피에스,256940,649,kosdaq
시그넷이브이,260870,447,konex
덕우전자,263600,1163,kosdaq
명진홀딩스,267060,195,konex
이더블유케이,258610,797,kosdaq
하나금융10호스팩,270520,103,kosdaq
알에스오토메이션,140670,892,kosdaq
컬러레이,900310,1072,kosdaq
엔에이치스팩12호,273060,155,kosdaq
모트렉스,118990,880,kosdaq
데이타솔루션,263800,643,kosdaq
지니언스,263860,436,kosdaq
디앤씨미디어,263720,1764,kosdaq
셀트리온헬스케어,091990,75130,kosdaq
이즈미디어,181340,380,kosdaq
루켄테크놀러지스,162120,97,konex
에브리봇,270660,75,konex
한국제5호스팩,271740,82,kosdaq
힘스,238490,1389,kosdaq
제일약품,271980,5058,kospi
브이원텍,251630,1350,kosdaq
아우딘퓨쳐스,227610,839,kosdaq
이녹스첨단소재,272290,5106,kosdaq
카카오,035720,128781,kospi
오리온,271560,42501,kospi
하림지주,003380,8310,kosdaq
메디안디노스틱,233250,716,konex
하나금융9호스팩,261200,90,kosdaq
교보7호스팩,267320,97,kosdaq
다이오진,271850,36,konex
에스알바이오텍,270210,25,konex
앤유엔터테인먼트,266170,155,konex
보라티알,250000,746,kosdaq
한화수성스팩,265920,91,kosdaq
매일유업,267980,7028,kosdaq
삼양옵틱스,225190,1305,kosdaq
IBKS제6호스팩,264850,88,kosdaq
필옵틱스,161580,1547,kosdaq
미래에셋대우스팩1호,265480,99,kosdaq
SGA임베디드,224880,147,konex
미원에스씨,268280,3777,kospi
경동도시가스,267290,1271,kospi
넷마블,251270,75796,kospi
오렌지라이프,079440,23534,kospi
현대건설기계,267270,5694,kospi
현대일렉트릭,267260,1832,kospi
현대중공업지주,267250,55130,kospi
포인트엔지니어링,256630,1114,kosdaq
한화에이스스팩3호,264290,63,kosdaq
앙츠,267810,43,konex
하나머티리얼즈,166090,3297,kosdaq
와이엠티,251370,2259,kosdaq
케이비제11호스팩,258790,66,kosdaq
엠앤씨생명과학,225860,62,konex
파워풀엑스,266870,119,konex
크라운제과,264900,1066,kospi
AP시스템,265520,4540,kosdaq
유에스티,263770,947,kosdaq
이엘피,063760,518,kosdaq
유비쿼스,264450,1437,kosdaq
서진시스템,178320,4570,kosdaq
코미코,183300,2277,kosdaq
아스타,246720,733,kosdaq
덴티움,145720,6486,kospi
에스디생명공학,217480,1148,kosdaq
신신제약,002800,1076,kosdaq
에프엔에스테크,083500,487,kosdaq
모바일어플라이언스,087260,798,kosdaq
피씨엘,241820,820,kosdaq
호전실업,111110,1184,kospi
서플러스글로벌,140070,873,kosdaq
유바이오로직스,206650,1841,kosdaq
케미메디,205290,202,konex
에스앤디,260970,356,konex
엔에이치스팩11호,256840,176,kosdaq
포레스팅블록체인,227420,30,konex
전우정밀,120780,136,konex
피엔아이컴퍼니,242350,171,konex
퓨전데이타,195440,315,kosdaq
DSC인베스트먼트,241520,644,kosdaq
TS인베스트먼트,246690,565,kosdaq
셀젠텍,258250,431,konex
마이크로프랜드,147760,575,kosdaq
현성바이탈,204990,682,kosdaq
바이오프로테크,199290,107,konex
애니젠,196300,507,kosdaq
유니온커뮤니티,203450,396,kosdaq
신라젠,215600,11866,kosdaq
IBKS제5호스팩,254120,94,kosdaq
핸즈코퍼레이션,143210,1565,kospi
오션브릿지,241790,971,kosdaq
퓨쳐켐,220100,848,kosdaq
뉴파워프라즈마,144960,1650,kosdaq
엘앤케이바이오,156100,756,kosdaq
스템랩,258540,350,konex
시큐센,232830,161,konex
에이치엔티,176440,2298,kosdaq
핸디소프트,220180,442,kosdaq
두산밥캣,241560,31679,kospi
비플라이소프트,148780,98,konex
삼성바이오로직스,207940,259698,kospi
클리오,237880,3283,kosdaq
오가닉티코스메틱,900300,1082,kosdaq
로고스바이오,238120,439,kosdaq
세화피앤씨,252500,576,kosdaq
굿센,243870,192,konex
인크로스,216050,1809,kosdaq
에이치엘사이언스,239610,3013,kosdaq
코스메카코리아,241710,1335,kosdaq
JW생명과학,234080,3309,kospi
GRT,900290,1570,kosdaq
안지오랩,251280,291,konex
골든센츄리,900280,372,kosdaq
인텔리안테크,189300,2598,kosdaq
에이치시티,072990,672,kosdaq
잉글우드랩,950140,928,kosdaq
앤디포스,238090,2761,kosdaq
수산아이앤티,050960,437,kosdaq
미투온,201490,2082,kosdaq
화승엔터프라이즈,241590,179,kospi
예선테크,250930,932,kosdaq
유쎌,252370,52,konex
LS전선아시아,229640,2407,kospi
모두투어리츠,204210,246,kospi
유니테크노,241690,1180,kosdaq
모비스,250060,787,kosdaq
엠에프엠코리아,251960,339,konex
나무기술,242040,842,kosdaq
자이글,234920,934,kosdaq
일동제약,249420,3945,kospi
헝셩그룹,900270,924,kosdaq
피엔에이치테크,239890,229,konex
샘표식품,248170,1412,kospi
에코마케팅,230360,5410,kosdaq
티케이씨,191600,1026,konex
팍스넷,038160,836,kosdaq
두올,016740,930,kospi
엔지스테크널러지,208860,555,kosdaq
우리손에프앤지,073560,1454,kosdaq
휴벡셀,212310,53,konex
에스케이씨에스,224020,39,konex
아이에이네트웍스,123010,429,kosdaq
제노텍,066830,93,konex
동서,026960,17497,kospi
장원테크,174880,840,kosdaq
위니아딤채,071460,1047,kosdaq
한국자산신탁,123890,3984,kospi
한국토지신탁,034830,5416,kospi
인프라웨어테크놀러지,247300,23,konex
바이오리더스,142760,1409,kosdaq
피앤씨테크,237750,392,kosdaq
로스웰,900260,733,kosdaq
에스엘에스바이오,246250,376,konex
씨앤에스링크,245450,32,konex
해성디에스,195870,2440,kospi
녹십자랩셀,144510,3704,kosdaq
에스티팜,237690,3890,kosdaq
알엔투테크놀로지,148250,820,kosdaq
이비테크,208850,79,konex
줌인터넷,239340,1438,kosdaq
휴온스,243070,4384,kosdaq
나눔테크,244880,146,konex
KC산업,112190,182,konex
용평리조트,070960,3167,kospi
해태제과식품,101530,2239,kospi
원익IPS,240810,15633,kosdaq
엠로,058970,113,konex
이에스산업,241510,275,konex
인터코스,240340,77,konex
로보쓰리,238500,33,konex
레이언스,228850,2016,kosdaq
씨엠에스에듀,225330,991,kosdaq
동양파일,228340,743,kosdaq
대림씨엔에스,004440,978,kospi
팬젠,222110,850,kosdaq
바이옵트로,222160,116,konex
AP위성,211270,997,kosdaq
솔트웍스,230980,706,kosdaq
큐리언트,115180,1839,kosdaq
안트로젠,065660,3906,kosdaq
슈프리마,236200,1855,kosdaq
제이에스코퍼레이션,194370,1827,kospi
아이엠텍,226350,356,kosdaq
유니트론텍,142210,608,kosdaq
크리스탈신소재,900250,1346,kosdaq
한솔씨앤피,221610,274,kosdaq
메디젠휴먼케어,236340,263,konex
선바이오,067370,1496,konex
볼빅,206950,271,konex
이엠티,232530,311,konex
에스와이,109610,1028,kosdaq
질경이,233990,316,konex
코디엠,224060,846,kosdaq
코리아오토글라스,152330,3450,kospi
잇츠한불,226320,4188,kospi
지오씨,135160,178,konex
크로넥스,215570,126,konex
와이아이케이,232140,1659,kosdaq
육일씨엔에쓰,191410,252,kosdaq
이에스브이,223310,283,kosdaq
휴젤,145020,19921,kosdaq
한국맥널티,222980,430,kosdaq
덱스터,206560,2276,kosdaq
아진산업,013310,1070,kosdaq
강스템바이오텍,217730,1597,kosdaq
씨트리,047920,745,kosdaq
에이원알폼,234070,236,konex
메가엠디,133750,873,kosdaq
한국비엔씨,226610,811,konex
보광산업,225530,1775,kosdaq
파크시스템스,140860,2339,kosdaq
에치에프알,230240,2564,kosdaq
예스티,122640,1442,kosdaq
코스맥스엔비티,222040,1250,kosdaq
라온테크,232680,170,konex
멕아이씨에스,058110,211,kosdaq
에이치엔에스하이텍,044990,293,konex
미애부,225850,77,konex
엔에스,217820,580,kosdaq
미래테크놀로지,213090,557,kosdaq
세진중공업,075580,1790,kospi
하이즈항공,221840,899,kosdaq
리드,197210,189,kosdaq
캔서롭,180400,1713,kosdaq
매직마이크로,127160,759,kosdaq
케이디켐,221980,494,kosdaq
네오오토,212560,395,kosdaq
마이크로텍,227950,379,kosdaq
자비스,230400,249,konex
케어젠,214370,8218,kosdaq
아이진,185490,1263,kosdaq
인카금융서비스,211050,260,konex
나무가,190510,1424,kosdaq
유앤아이,056090,511,kosdaq
금호에이치티,214330,1338,kospi
제주항공,089590,6550,kospi
본느,226340,1231,kosdaq
파마리서치바이오,217950,409,konex
연우,115960,2914,kosdaq
럭스피아,092590,69,konex
노브메타파마,229500,3760,konex
젠큐릭스,229000,750,konex
엔케이맥스,182400,3326,kosdaq
현대코퍼레이션홀딩스,227840,1101,kospi
엑시콘,092870,539,kosdaq
이엑스티,226360,1142,kosdaq
티씨엠생명과학,228180,604,konex
엄지하우스,224810,142,konex
메디쎄이,200580,250,konex
뉴지랩,214870,3023,kosdaq
케이엠제약,225430,513,kosdaq
한송네오텍,226440,552,kosdaq
패션플랫폼,225590,360,kosdaq
LIG넥스원,079550,7172,kospi
넷게임즈,225570,1949,kosdaq
제너셈,217190,274,kosdaq
타이거일렉,219130,310,kosdaq
HDC아이콘트롤스,039570,1934,kospi
동일제강,002690,385,kospi
인포마크,175140,437,kosdaq
카이노스메드,220250,2110,konex
씨아이에스,222080,1279,kosdaq
해마로푸드서비스,220630,2471,kosdaq
에이텍티앤,224110,448,kosdaq
웹스,196700,279,kosdaq
AJ네트웍스,095570,1981,kospi
파인텍,131760,689,kosdaq
한류AI센터,222810,339,kosdaq
심텍,222800,2526,kosdaq
흥국에프엔비,189980,752,kosdaq
쎄노텍,222420,879,kosdaq
칩스앤미디어,094360,680,kosdaq
제놀루션,225220,217,konex
아시아경제,127710,529,kosdaq
엔에스컴퍼니,224760,3404,konex
아이쓰리시스템,214430,1201,kosdaq
로지시스,067730,374,kosdaq
플럼라인생명과학,222670,165,konex
켐트로스,220260,869,kosdaq
파마리서치프로덕트,214450,3287,kosdaq
MP한강,219550,625,kosdaq
펩트론,087010,2153,kosdaq
이노션,214320,13360,kospi
토니모리,214420,1764,kospi
네추럴FNP,086220,199,konex
아이피몬스터,223220,28,konex
미래에셋생명,085620,7691,kospi
RFHIC,218410,8049,kosdaq
동운아나텍,094170,795,kosdaq
민앤지,214180,2175,kosdaq
유테크,178780,557,kosdaq
경보제약,214390,2049,kospi
바이오코아,216400,242,konex
유투바이오,221800,193,konex
에스엔텍비엠,160600,716,kosdaq
켐온,217600,983,kosdaq
코아스템,166480,1529,kosdaq
세미콘라이트,214310,559,kosdaq
드림티엔터테인먼트,220110,71,konex
SK디앤디,210980,5735,kospi
미코바이오메드,214610,817,konex
씨앗,103660,77,konex
베셀,177350,456,kosdaq
넵튠,217270,1596,kosdaq
미래생명자원,218150,567,kosdaq
싸이맥스,160980,1018,kosdaq
러셀,217500,687,kosdaq
픽셀플러스,087600,406,kosdaq
디딤,217620,808,kosdaq
제노포커스,187420,1347,kosdaq
틸론,217880,179,konex
관악산업,076340,190,konex
우정바이오,215380,717,kosdaq
토박스코리아,215480,576,kosdaq
이노인스트루먼트,215790,744,kosdaq
우리산업,215360,1936,kosdaq
메가스터디교육,215200,4457,kosdaq
썬테크,217320,105,konex
원텍,216280,727,konex
유니맥스글로벌,215090,341,kosdaq
로보로보,215100,868,kosdaq
디알텍,214680,781,kosdaq
에이비프로바이오,195990,1741,kosdaq
골프존,215000,4437,kosdaq
클래시스,214150,9964,kosdaq
비엔디생활건강,215050,51,konex
엔에스쇼핑,138250,3521,kospi
퓨쳐스트림네트웍스,214270,1295,kosdaq
세화아이엠씨,145210,879,kospi
포시에스,189690,493,kosdaq
덕산네오룩스,213420,5354,kosdaq
한솔제지,213500,3570,kospi
디와이파워,210540,1081,kospi
국일신동,060480,710,kosdaq
듀켐바이오,176750,912,konex
바디텍메드,206640,2084,kosdaq
썸에이지,208640,600,kosdaq
와이제이엠게임즈,193250,824,kosdaq
화이브라더스코리아,204630,755,kosdaq
하이셈,200470,883,kosdaq
휴메딕스,200670,2313,kosdaq
래몽래인,200350,140,konex
바이오로그디바이스,208710,508,kosdaq
서전기전,189860,363,kosdaq
아스트,067390,2306,kosdaq
오킨스전자,080580,261,kosdaq
지란지교시큐리티,208350,498,kosdaq
NEW,160550,1119,kosdaq
아이티센,124500,840,kosdaq
삼성물산,028260,191587,kospi
소프트캠프,210610,371,konex
에듀파트너,208890,18,konex
녹십자엠에스,142280,707,kosdaq
디티앤씨,187220,853,kosdaq
셀바스헬스케어,208370,298,kosdaq
정다운,208140,549,kosdaq
하이로닉,149980,684,kosdaq
랩지노믹스,084650,555,kosdaq
빅텐츠,210120,112,konex
에이디테크놀로지,200710,1431,kosdaq
비씨월드제약,200780,1241,kosdaq
미스터블루,207760,1953,kosdaq
알테오젠,196170,6566,kosdaq
엔터메이트,206400,599,kosdaq
SKC코오롱PI,178920,1278,kosdaq
대창스틸,140520,542,kosdaq
피노텍,150440,495,konex
에프엔씨엔터,173940,1080,kosdaq
휴마시스,205470,416,kosdaq
씨에스윈드,112610,6569,kospi
텔콘RF제약,200230,7543,kosdaq
파티게임즈,194510,131,kosdaq
지엘팜텍,204840,519,kosdaq
글로벌텍스프리,204620,1257,kosdaq
디에이테크놀로지,196490,1044,kosdaq
삼성에스디에스,018260,153208,kospi
아이케이세미콘,149010,149,konex
액션스퀘어,205500,414,kosdaq
엑셈,205100,984,kosdaq
테고사이언스,191420,2090,kosdaq
슈피겐코리아,192440,3413,kosdaq
테라셈,182690,435,kosdaq
영우디에스피,143540,509,kosdaq
유니포인트,121060,89,konex
드림시큐리티,203650,1318,kosdaq
메디아나,041920,743,kosdaq
데브시스터즈,194480,826,kosdaq
만도,204320,17515,kospi
프로스테믹스,203690,1918,kosdaq
감마누,192410,100,kosdaq
고려시멘트,198440,1097,kosdaq
판도라티비,202960,71,konex
서연이화,200880,1543,kospi
신화콘텍,187270,291,kosdaq
쿠쿠홀딩스,192400,7112,kospi
파버나인,177830,457,kosdaq
덕신하우징,090410,553,kosdaq
창해에탄올,004650,1181,kosdaq
윈하이텍,192390,376,kosdaq
아진엑스텍,059120,465,kosdaq
콜마비앤에이치,200130,7932,kosdaq
화인베스틸,133820,1077,kospi
에이비온,203400,841,konex
트루윈,105550,532,kosdaq
큐엠씨,136660,395,konex
데이터스트림즈,199150,121,konex
툴젠,199800,3792,konex
디오스텍,196450,1059,kosdaq
캐스텍코리아,071850,461,kosdaq
BGF,027410,5571,kospi
나노,187790,553,kosdaq
케이사인,192250,828,kosdaq
코스맥스,192820,7306,kospi
오이솔루션,138080,3730,kosdaq
인터파크,108790,1770,kosdaq
한국정보인증,053300,1152,kosdaq
유비온,084440,40,konex
솔루에타,154040,417,kosdaq
이지웰페어,090850,1066,kosdaq
위월드,140660,47,konex
씨이랩,189330,470,konex
씨티네트웍스,189540,108,konex
코셋,189350,66,konex
SGA솔루션즈,184230,506,kosdaq
대동고려삼,178600,245,konex
청광건설,140290,62,konex
기가레인,049080,873,kosdaq
인트로메딕,150840,1875,kosdaq
한중엔시에스,107640,178,konex
알티캐스트,085810,479,kosdaq
종근당,185750,9561,kospi
현대공업,170030,537,kosdaq
엔브이에이치코리아,067570,823,kosdaq
디엠티,134580,273,kosdaq
신송홀딩스,006880,500,kospi
큐브엔터,182360,1253,kosdaq
라이온켐텍,171120,1632,kosdaq
램테크놀러지,171010,897,kosdaq
THE MIDONG,161570,319,kosdaq
골프존데카,183410,61,konex
에이씨티,138360,1222,kosdaq
아세아시멘트,183190,3272,kospi
해성옵틱스,076610,612,kosdaq
내츄럴엔도텍,168330,1182,kosdaq
현대로템,064350,13685,kospi
수프로,185190,111,konex
테스나,131970,2534,kosdaq
파수닷컴,150900,376,kosdaq
LPK로보틱스,183350,66,konex
엘티씨,170920,857,kosdaq
지엔씨에너지,119850,711,kosdaq
한진칼,180640,19201,kospi
아미코젠,092040,5272,kosdaq
엔에이치엔,181710,12600,kospi
GH신소재,130500,320,kosdaq
파이오링크,170790,519,kosdaq
KG ETS,151860,1134,kosdaq
JB금융지주,175330,1617,kospi
나스미디어,089600,2705,kosdaq
하이골드12호,172580,358,kospi
대주이엔티,114920,65,konex
비나텍,126340,812,konex
에스에이티이엔지,158300,138,konex
에스엔피제네틱스,086460,64,konex
에프앤가이드,064850,440,konex
옐로페이,179720,43,konex
이엔드디,101360,233,konex
태양기계,116100,43,konex
엑세스바이오,950130,799,kosdaq
DSR,155660,730,kospi
레고켐바이오,141080,5491,kosdaq
한국패러랠,168490,1784,kospi
동아에스티,170900,8528,kospi
스타모빌리티,158310,337,kosdaq
윈팩,097800,682,kosdaq
코렌텍,104540,596,kosdaq
제로투세븐,159580,2374,kosdaq
아이원스,114810,741,kosdaq
우리이앤엘,153490,366,kosdaq
아이센스,099190,3579,kosdaq
포티스,141020,575,kosdaq
스킨앤스킨,159910,526,kosdaq
SBI핀테크솔루션즈,950110,2409,kosdaq
우리로,046970,632,kosdaq
디젠스,113810,191,kosdaq
지엠비코리아,013870,1018,kospi
맥스로텍,141070,389,kosdaq
와이엠씨,155650,846,kosdaq
CJ헬로,037560,4786,kospi
아바텍,149950,1249,kosdaq
동일고무벨트,163560,748,kospi
한국콜마,161890,1331,kospi
한국타이어앤테크놀로지,161390,44223,kospi
코이즈,121850,272,kosdaq
모다,149940,33,kosdaq
애경유화,161000,2512,kospi
하이골드8호,159650,308,kospi
나노스,151910,5567,kosdaq
AJ렌터카,068400,2525,kospi
엠씨넥스,097520,4286,kosdaq
네이블커뮤니케이션즈,153460,342,kosdaq
디지탈옵틱,106520,654,kosdaq
피엔티,137400,1256,kosdaq
바다로19호,155900,446,kospi
사조씨푸드,014710,1019,kospi
비아트론,141000,1127,kosdaq
하이골드3호,153360,286,kospi
코오롱머티리얼,144620,975,kospi
빛샘전자,072950,349,kosdaq
한국ANKOR유전,152550,1260,kospi
휴비스,079980,2187,kospi
사람인에이치알,143240,3490,kosdaq
뉴로스,126870,900,kosdaq
제룡산업,147830,604,kosdaq
남화토건,091590,1509,kosdaq
케이탑리츠,145270,421,kospi
메지온,140410,19945,kosdaq
원익머트리얼즈,104830,3423,kosdaq
디엔에이링크,127120,457,kosdaq
GS리테일,007070,3261,kospi
나이스디앤비,130580,1215,kosdaq
시큐브,131090,566,kosdaq
서암기계공업,100660,825,kosdaq
인터지스,129260,629,kospi
씨유메디칼,115480,449,kosdaq
삼양사,145990,5047,kospi
파인넥스,123260,168,kosdaq
키네마스터,139670,842,kosdaq
비덴트,121800,3359,kosdaq
에스에프씨,112240,798,kosdaq
신진에스엠,138070,476,kosdaq
이엠넷,123570,754,kosdaq
와이지엔터테인먼트,122870,4549,kosdaq
쎄미시스코,136510,413,kosdaq
에이티세미콘,089530,369,kosdaq
테크윙,089030,2028,kosdaq
씨큐브,101240,841,kosdaq
에스엠코어,007820,1705,kosdaq
씨엔플러스,115530,504,kosdaq
하나투어,039130,5640,kospi
케이맥,043290,768,kosdaq
로보스타,090360,1755,kosdaq
대한과학,131220,414,kosdaq
피앤이솔루션,131390,1435,kosdaq
아이디스,143160,3719,kosdaq
에이블씨엔씨,078520,2852,kospi
화진,134780,736,kosdaq
제이씨케미칼,137950,1240,kosdaq
아이씨디,040910,2984,kosdaq
제닉,123330,353,kosdaq
데일리블록체인,139050,563,kosdaq
삼원강재,023000,1200,kospi
상아프론테크,089980,2358,kosdaq
신세계인터내셔날,031430,15137,kospi
에이리츠,140910,256,kospi
나이벡,138610,1174,kosdaq
옵티시스,109080,461,kosdaq
대양전기공업,108380,1253,kosdaq
한국항공우주,047810,36699,kospi
롯데하이마트,071840,7389,kospi
서연탑메탈,019770,336,kosdaq
한세엠케이,069640,534,kospi
코오롱플라스틱,138490,1738,kospi
넥스트아이,137940,910,kosdaq
리켐,131100,817,kosdaq
이마트,139480,35542,kospi
DGB금융지주,139130,12026,kospi
케이티스카이라이프,053210,4357,kospi
엘아이에스,138690,1915,kosdaq
세아특수강,019440,1178,kospi
KMH,122450,1173,kosdaq
골프존뉴딘홀딩스,121440,1624,kosdaq
메리츠금융지주,138040,17598,kospi
윈스,136540,1487,kosdaq
하림,136480,2387,kosdaq
한국종합기술,023350,449,kospi
이퓨쳐,134060,312,kosdaq
티케이케미칼,104480,2872,kosdaq
BNK금융지주,138930,23011,kospi
일진머티리얼즈,020150,18606,kospi
부스타,008470,488,kosdaq
현대위아,011210,14495,kospi
선진,136490,2359,kospi
미원화학,134380,957,kospi
나노신소재,121600,1817,kosdaq
케이아이엔엑스,093320,1728,kosdaq
티피씨글로벌,130740,270,kosdaq
딜리,131180,540,kosdaq
엘비세미콘,061970,3056,kosdaq
제이엔케이히터,126880,1161,kosdaq
블루콤,033560,560,kosdaq
인트론바이오,048530,4156,kosdaq
시디즈,134790,784,kospi
다나와,119860,3386,kosdaq
알서포트,131370,1441,kosdaq
인텍플러스,064290,545,kosdaq
티에스이,131290,880,kosdaq
HSD엔진,082740,1486,kospi
액트,131400,775,kosdaq
대성에너지,117580,1502,kospi
현대에이치씨엔,126560,4075,kospi
대정화금,120240,1161,kosdaq
KTis,058860,793,kospi
한전산업,130660,1152,kospi
피제이메탈,128660,637,kosdaq
디에이치피코리아,131030,1315,kosdaq
제이스테판,096690,764,kosdaq
엘브이엠씨,900140,2188,kospi
티비씨,033830,1430,kosdaq
시그네틱스,033170,960,kosdaq
썬텍,122800,352,kosdaq
한국전자인증,041460,906,kosdaq
디케이락,105740,795,kosdaq
코프라,126600,683,kosdaq
선데이토즈,123420,2215,kosdaq
삼본전자,111870,1814,kosdaq
아나패스,123860,2664,kosdaq
KNN,058400,1741,kosdaq
동양네트웍스,030790,661,kospi
누리플랜,069140,269,kosdaq
아이텍,119830,603,kosdaq
인화정공,101930,541,kosdaq
코렌,078650,730,kosdaq
아이씨케이,068940,583,kosdaq
한일진공,123840,700,kosdaq
휠라코리아,081660,36608,kospi
알파홀딩스,117670,1133,kosdaq
포메탈,119500,350,kosdaq
KTcs,058850,931,kospi
다원시스,068240,4208,kosdaq
현대홈쇼핑,057050,1272,kospi
씨젠,096530,6034,kosdaq
와이솔,122990,4350,kosdaq
하이비젼시스템,126700,1644,kosdaq
화신정공,126640,431,kosdaq
코리아에프티,123410,863,kosdaq
도화엔지니어링,002150,3122,kospi
엠에스오토텍,123040,1998,kosdaq
이글루시큐리티,067920,505,kosdaq
대성산업,128820,1710,kospi
아이마켓코리아,122900,4080,kospi
한미약품,128940,36694,kospi
인터로조,119610,2933,kosdaq
하이텍팜,106190,858,kosdaq
우진,105840,961,kospi
크루셜텍,114120,650,kosdaq
무학,033920,2636,kospi
에스디시스템,121890,222,kosdaq
알톤스포츠,123750,239,kosdaq
웅진에너지,103130,283,kospi
유비벨록스,089850,556,kosdaq
지와이커머스,111820,463,kosdaq
오르비텍,046120,950,kosdaq
이연제약,102460,2633,kospi
한솔시큐어,070300,463,kosdaq
실리콘웍스,108320,5806,kosdaq
투비소프트,079970,818,kosdaq
한국화장품,123690,1321,kospi
에스제이엠,123700,486,kospi
인피니트헬스케어,071200,1488,kosdaq
모바일리더,100030,732,kosdaq
서진오토모티브,122690,440,kosdaq
한라홀딩스,060980,4487,kospi
삼성생명,032830,148400,kospi
신세계푸드,031440,2823,kospi
이스트아시아홀딩스,900110,251,kosdaq
뉴프라이드,900100,1217,kosdaq
케이씨에스,115500,521,kosdaq
씨케이에이치,900120,401,kosdaq
지트리비앤티,115450,6882,kosdaq
삼기오토모티브,122350,787,kosdaq
한화생명,088350,19933,kospi
이미지스,115610,236,kosdaq
조선선재,120030,1038,kospi
인포바인,115310,701,kosdaq
지투하이소닉,106080,165,kosdaq
모베이스,101330,1057,kosdaq
지스마트글로벌,114570,609,kosdaq
코오롱인더,120110,13274,kospi
KC코트렐,119650,915,kospi
지역난방공사,071320,5691,kospi
락앤락,115390,7234,kospi
스타플렉스,115570,466,kosdaq
우리넷,115440,738,kosdaq
아세아텍,050860,748,kosdaq
영흥철강,012160,948,kospi
우노앤컴퍼니,114630,557,kosdaq
코디,080530,426,kosdaq
우리들휴브레인,118000,649,kospi
글로벌에스엠,900070,372,kosdaq
ITX엠투엠,099520,221,kosdaq
KPX생명과학,114450,1188,kosdaq
동양피엔에프,104460,1157,kosdaq
멜파스,096640,507,kosdaq
위메이드,112040,4662,kosdaq
한전기술,052690,7548,kospi
셀바스AI,108860,834,kosdaq
에스앤씨엔진그룹,900080,532,kosdaq
이원컴포텍,088290,1574,kosdaq
웰크론강원,114190,666,kosdaq
GKL,114090,12866,kospi
휴맥스,115160,1208,kosdaq
에이프로젠 H&G,109960,1101,kosdaq
SK,034730,185048,kospi
동방선기,099410,355,kosdaq
상상인인더스트리,101000,710,kosdaq
진매트릭스,109820,488,kosdaq
황금에스티,032560,1071,kospi
비츠로셀,082920,2811,kosdaq
하이트진로,000080,2549,kospi
한스바이오메드,042520,2213,kosdaq
동양생명,082640,6454,kospi
NHN벅스,104200,850,kosdaq
아이앤씨,052860,847,kosdaq
유니온머티리얼,047400,1100,kospi
케이엔더블유,105330,263,kosdaq
형지엘리트,093240,439,kospi
디에스케이,109740,2198,kosdaq
제넥신,095700,13126,kosdaq
톱텍,108230,3588,kosdaq
동국S&C,100130,1300,kosdaq
에스앤더블류,103230,265,kosdaq
키움증권,039490,15757,kospi
게임빌,063080,2153,kosdaq
영원무역,111770,15287,kospi
동일금속,109860,808,kosdaq
아주캐피탈,033660,6359,kospi
한미글로벌,053690,1025,kospi
동아지질,028100,2288,kospi
어보브반도체,102120,978,kosdaq
조이맥스,101730,395,kosdaq
차이나그레이트,900040,652,kosdaq
이엔에프테크놀로지,102710,3472,kosdaq
스맥,099440,702,kosdaq
해덕파워웨이,102210,811,kosdaq
SDN,099220,954,kosdaq
한국정밀기계,101680,244,kosdaq
STX중공업,071970,930,kospi
흥국,010240,598,kosdaq
우림기계,101170,468,kosdaq
티플랙스,081150,567,kosdaq
LG하우시스,108670,5372,kospi
에스티오,098660,286,kosdaq
에이테크솔루션,071670,779,kosdaq
에스앤에스텍,101490,1674,kosdaq
뷰웍스,100120,2700,kosdaq
코오롱생명과학,102940,2511,kosdaq
엔시트론,101400,638,kosdaq
한세실업,105630,7460,kospi
컨버즈,109070,997,kospi
파인테크닉스,106240,1347,kosdaq
미원홀딩스,107590,992,kospi
이수앱지스,086890,1864,kosdaq
대성파인텍,104040,463,kosdaq
유비쿼스홀딩스,078070,3898,kosdaq
메디톡스,086900,16881,kosdaq
엠게임,058630,686,kosdaq
아이컴포넌트,059100,425,kosdaq
NAVER,035420,285127,kospi
에이치엘비생명과학,067630,13503,kosdaq
이크레더블,092130,2252,kosdaq
부국철강,026940,929,kospi
KB금융,105560,181251,kospi
세운메디칼,100700,1487,kosdaq
한국철강,104700,2224,kospi
마이크로컨텍솔,098120,263,kosdaq
KJ프리텍,083470,96,kosdaq
삼강엠앤티,100090,1334,kosdaq
일진전기,103590,1188,kospi
풍산,103140,6067,kospi
LG이노텍,011070,28164,kospi
아이엠,101390,502,kosdaq
웰크론한텍,076080,409,kosdaq
코리아에스이,101670,245,kosdaq
슈프리마에이치큐,094840,590,kosdaq
명문제약,017180,1259,kospi
서울옥션,063170,910,kosdaq
이스트소프트,047560,777,kosdaq
비상교육,100220,1085,kospi
청담러닝,096240,1546,kosdaq
동성코퍼레이션,102260,2486,kospi
월덱스,101160,1103,kosdaq
쎄트렉아이,099320,1348,kosdaq
쌍방울,102280,1317,kospi
브리지텍,064480,379,kosdaq
고영,098460,13699,kosdaq
조이시티,067000,985,kosdaq
우진비앤지,018620,697,kosdaq
테스,095610,3993,kosdaq
예스24,053280,1190,kosdaq
엘디티,096870,194,kosdaq
LG유플러스,032640,634,kospi
메타바이오메드,059210,661,kosdaq
효성오앤비,097870,628,kosdaq
에스모 머티리얼즈,087730,264,kosdaq
비티원,101140,1325,kospi
아시아나항공,020560,13252,kospi
SBS미디어홀딩스,101060,2805,kospi
S&TC,100840,1419,kospi
진양홀딩스,100250,1470,kospi
텔레필드,091440,297,kosdaq
하나니켈1호,099340,101,kospi
하나니켈2호,099350,39,kospi
이트론,096040,909,kosdaq
엔케이,085310,932,kospi
에스맥,097780,2276,kosdaq
에스코넥,096630,1234,kosdaq
일신바이오,068330,898,kosdaq
서원인텍,093920,1172,kosdaq
이씨에스,067010,292,kosdaq
대창솔루션,096350,758,kosdaq
한전KPS,051600,15098,kospi
아이에스이커머스,069920,1119,kosdaq
알에프세미,096610,499,kosdaq
디엔에프,092070,943,kosdaq
일진파워,094820,852,kosdaq
비엠티,086670,571,kosdaq
이아이디,093230,1130,kospi
기신정기,092440,1115,kospi
이엘케이,094190,569,kosdaq
이엠코리아,095190,1546,kosdaq
KSS해운,044450,1709,kospi
효성 ITX,094280,1479,kospi
현우산업,092300,505,kosdaq
유나이티드,033270,3190,kospi
다믈멀티미디어,093640,435,kosdaq
디아이씨,092200,877,kospi
에스에너지,095910,504,kosdaq
성우전자,081580,455,kosdaq
엘엠에스,073110,1797,kosdaq
제이엠티,094970,759,kosdaq
오디텍,080520,612,kosdaq
ISC,095340,1478,kosdaq
네오티스,085910,426,kosdaq
미래나노텍,095500,817,kosdaq
상보,027580,560,kosdaq
CJ제일제당,097950,37184,kospi
바이오톡스텍,086040,1050,kosdaq
팬오션,028670,23762,kospi
연이정보통신,090740,1266,kosdaq
옴니시스템,057540,736,kosdaq
푸른기술,094940,1118,kosdaq
웨이브일렉트로,095270,2460,kosdaq
한진중공업,097230,4101,kospi
빅솔론,093190,1047,kosdaq
JW홀딩스,096760,4291,kospi
S&K폴리텍,091340,696,kosdaq
SK이노베이션,096770,146558,kospi
율호,072770,521,kosdaq
갤럭시아컴즈,094480,1191,kosdaq
에코프로,086520,4451,kosdaq
MP그룹,065150,1063,kosdaq
컴투스,078340,13252,kosdaq
네오위즈,095660,3474,kosdaq
삼성카드,029780,42462,kospi
앤씨앤,092600,525,kosdaq
엔텔스,069410,807,kosdaq
베트남개발1,096300,479,kospi
알루코,001780,1859,kospi
풍강,093380,351,kosdaq
웅진씽크빅,095720,3650,kospi
동국제약,086450,6198,kosdaq
케이프,064820,551,kosdaq
상신이디피,091580,1065,kosdaq
한라IMS,092460,934,kosdaq
에프알텍,073540,629,kosdaq
이엠텍,091120,1401,kosdaq
참좋은여행,094850,876,kosdaq
코닉글로리,094860,486,kosdaq
맵스리얼티1,094800,4957,kospi
이베스트투자증권,078020,3179,kosdaq
매커스,093520,605,kosdaq
오스템임플란트,048260,5857,kosdaq
나노캠텍,091970,639,kosdaq
네오팜,092730,3952,kosdaq
비에이치,090460,7054,kosdaq
오스코텍,039200,6688,kosdaq
켐트로닉스,089010,2107,kosdaq
제이스텍,090470,1993,kosdaq
동아엘텍,088130,846,kosdaq
메타랩스,090370,698,kospi
후성,093370,7057,kospi
휴온스글로벌,084110,3435,kosdaq
케이씨티,089150,409,kosdaq
파트론,091700,6147,kosdaq
유니테스트,086390,2769,kosdaq
휴림로봇,090710,1049,kosdaq
LF,093050,5950,kospi
에스에이티,060540,530,kosdaq
큐에스아이,066310,964,kosdaq
멀티캠퍼스,067280,2169,kosdaq
주연테크,044380,463,kospi
코스맥스비티아이,044820,1287,kospi
화신테크,086250,244,kosdaq
코세스,089890,1247,kosdaq
인천도시가스,034590,1297,kospi
성창오토텍,080470,610,kosdaq
넥스턴,089140,1170,kosdaq
제이티,089790,521,kosdaq
광진윈텍,090150,297,kosdaq
이녹스,088390,747,kosdaq
삼정펄프,009770,819,kospi
KEC,092220,1202,kospi
KPX홀딩스,092230,2269,kospi
THE E&M,089230,1176,kosdaq
바텍,043150,3914,kosdaq
한컴MDS,086960,1059,kosdaq
HDC현대EP,089470,1421,kospi
루멘스,038060,1054,kosdaq
세원셀론텍,091090,1897,kospi
CSA 코스믹,083660,823,kosdaq
티엘아이,062860,482,kosdaq
한국전자금융,063570,2428,kosdaq
쇼박스,086980,2138,kosdaq
팬엔터테인먼트,068050,690,kosdaq
루트로닉,085370,2140,kosdaq
인포뱅크,039290,543,kosdaq
노루페인트,090350,1614,kospi
아모레퍼시픽,090430,107564,kospi
아이오케이,078860,885,kosdaq
동우팜투테이블,088910,995,kosdaq
롯데관광개발,032350,8954,kospi
제이브이엠,054950,1963,kosdaq
평화산업,090080,714,kospi
우진플라임,049800,373,kospi
팅크웨어,084730,762,kosdaq
신세계I&C,035510,1978,kospi
진바이오텍,086060,547,kosdaq
정산애강,022220,1088,kosdaq
진도,088790,489,kospi
에이스테크,088800,2615,kosdaq
맥쿼리인프라,088980,41187,kospi
롯데쇼핑,023530,37624,kospi
셀트리온제약,068760,13175,kosdaq
GST,083450,871,kosdaq
에너토크,019990,371,kosdaq
제우스,079370,1215,kosdaq
한일네트웍스,046110,583,kosdaq
뉴프렉스,085670,461,kosdaq
유진테크,084370,3426,kosdaq
크리스탈,083790,5907,kosdaq
바이오니아,064550,1494,kosdaq
헬릭스미스,084990,21008,kosdaq
인콘,083640,1295,kosdaq
차바이오텍,085660,8187,kosdaq
현대글로비스,086280,56625,kospi
대봉엘에스,078140,805,kosdaq
와이엔텍,067900,1683,kosdaq
케이엠,083550,756,kosdaq
티비에이치글로벌,084870,595,kospi
수성,084180,376,kosdaq
하나금융지주,086790,106586,kospi
한국코퍼레이션,050540,741,kosdaq
제일연마,001560,723,kospi
모다이노칩,080420,2511,kosdaq
비에이치아이,083650,529,kosdaq
EMW,079190,884,kosdaq
GV,045890,1279,kosdaq
현대리바트,079430,2772,kospi
루미마이크로,082800,1398,kosdaq
자연과환경,043910,571,kosdaq
와토스코리아,079000,413,kosdaq
대한제강,084010,1550,kospi
인프라웨어,041020,421,kosdaq
두올산업,078590,699,kosdaq
서린바이오,038070,691,kosdaq
새론오토모티브,075180,858,kospi
그린케미칼,083420,783,kospi
가비아,079940,1046,kosdaq
덕산하이메탈,077360,1515,kosdaq
아바코,083930,880,kosdaq
하나마이크론,067310,1250,kosdaq
나인컴플렉스,082660,223,kosdaq
엘오티베큠,083310,1075,kosdaq
이상네트웍스,080010,673,kosdaq
동북아12호선박투자,083370,79,kospi
동북아13호선박투자,083380,79,kospi
대상홀딩스,084690,2535,kospi
아리온,058220,681,kosdaq
코아스,071950,456,kospi
메디포스트,078160,5091,kosdaq
우리바이오,082850,472,kosdaq
모두투어,080160,3043,kosdaq
이월드,084680,5132,kospi
동양고속,084670,777,kospi
한미반도체,042700,3662,kospi
가온미디어,078890,1220,kosdaq
쏠리드,050890,2581,kosdaq
동일산업,004890,1385,kospi
옵트론텍,082210,1378,kosdaq
젬백스,082270,9157,kosdaq
플랜티넷,075130,412,kosdaq
에스제이케이,080440,234,kosdaq
삼호개발,010960,1150,kospi
금호타이어,073240,12022,kospi
이노와이어리스,073490,1666,kosdaq
인베니아,079950,594,kosdaq
동양이엔피,079960,1014,kosdaq
제주반도체,080220,992,kosdaq
한창산업,079170,300,kosdaq
디이엔티,079810,355,kosdaq
에스엔유,080000,982,kosdaq
iMBC,052220,543,kosdaq
서산,079650,643,kosdaq
KMH하이텍,052900,579,kosdaq
손오공,066910,467,kosdaq
미래컴퍼니,049950,3095,kosdaq
아이크래프트,052460,443,kosdaq
CJ CGV,079160,7502,kospi
일진다이아,081000,4147,kospi
메가스터디,072870,1514,kosdaq
케이에스피,073010,651,kosdaq
KG모빌리언스,046440,1773,kosdaq
대주전자재료,078600,2503,kosdaq
텔레칩스,054450,1432,kosdaq
HB테크놀러지,078150,2255,kosdaq
도이치모터스,067990,2257,kosdaq
유니드,014830,4120,kospi
토비스,051360,1354,kosdaq
제넨바이오,072520,1471,kosdaq
상신브레이크,041650,791,kospi
국일제지,078130,7089,kosdaq
DMS,068790,1189,kosdaq
인팩,023810,376,kospi
코드네이처,078940,887,kosdaq
시너지이노베이션,048870,1355,kosdaq
신성델타테크,065350,777,kosdaq
GS,078930,46040,kospi
유니퀘스트,077500,1852,kospi
다스코,058730,1024,kospi
한국경제TV,039340,1046,kosdaq
LG디스플레이,034220,51525,kospi
다날,064260,2140,kosdaq
텔코웨어,078000,1470,kospi
형지I&C,011080,253,kosdaq
휘닉스소재,050090,485,kosdaq
코엔텍,029960,5350,kosdaq
와이비엠넷,057030,738,kosdaq
CS,065770,565,kosdaq
아미노로직스,074430,1792,kosdaq
한컴지엠디,077280,264,kosdaq
테라젠이텍스,066700,2820,kosdaq
디에이피,066900,873,kosdaq
한양디지텍,078350,514,kosdaq
STX엔진,077970,1693,kospi
동국알앤에스,075970,453,kosdaq
라이트론,069540,768,kosdaq
듀오백,073190,352,kosdaq
삼진엘앤디,054090,542,kosdaq
에스텍파마,041910,1422,kosdaq
NICE,034310,7463,kospi
대교,019680,5260,kospi
에스모,073070,1641,kosdaq
한류타임즈,039670,549,kosdaq
세진티에스,067770,220,kosdaq
한솔인티큐브,070590,357,kosdaq
WI,073570,1752,kosdaq
삼원테크,073640,662,kosdaq
우주일렉트로,065680,825,kosdaq
필로시스헬스케어,057880,712,kosdaq
기업은행,024110,68970,kospi
나노메딕스,074610,3116,kospi
드림어스컴퍼니,060570,3282,kosdaq
버킷스튜디오,066410,537,kosdaq
아프리카TV,067160,9161,kosdaq
원익QnC,074600,3181,kosdaq
로체시스템즈,071280,731,kosdaq
에버다임,041440,847,kosdaq
에스텍,069510,1315,kosdaq
오텍,067170,1847,kosdaq
키이스트,054780,2471,kosdaq
한솔홈데코,025750,967,kospi
중앙백신,072020,1887,kosdaq
휴비츠,065510,1040,kosdaq
우리산업홀딩스,072470,589,kosdaq
디지털대성,068930,1988,kosdaq
코스온,069110,1253,kosdaq
이수페타시스,007660,1638,kospi
강원랜드,035250,65680,kospi
유아이디,069330,143,kosdaq
티씨케이,064760,6456,kosdaq
YG PLUS,037270,733,kospi
아모텍,052710,2265,kosdaq
농심홀딩스,072710,3933,kospi
웰크론,065950,1059,kosdaq
파워로직스,047310,2977,kosdaq
한국금융지주,071050,39008,kospi
신스타임즈,056000,1300,kosdaq
이라이콤,041520,630,kosdaq
녹원씨엔아이,065560,854,kosdaq
유엔젤,072130,746,kospi
SBS,034120,3021,kospi
홈캐스트,064240,1612,kosdaq
씨씨에스,066790,362,kosdaq
웹젠,069080,5932,kosdaq
엔씨소프트,036570,115259,kospi
하이스틸,071090,414,kospi
대화제약,067080,2451,kosdaq
우수AMS,066590,827,kosdaq
JW신약,067290,2015,kosdaq
하츠,066130,919,kosdaq
SBS콘텐츠허브,046140,1277,kosdaq
빅텍,065450,739,kosdaq
탑엔지니어링,065130,1396,kosdaq
DSR제강,069730,660,kospi
이루온,065440,386,kosdaq
태경화학,006890,581,kospi
재영솔루텍,049630,790,kosdaq
한국큐빅,021650,367,kosdaq
인터플렉스,051370,3791,kosdaq
메디프론,065650,1525,kosdaq
삼영이엔씨,065570,498,kosdaq
브레인콘텐츠,066980,1096,kosdaq
리더스코스메틱,016100,1120,kosdaq
한농화성,011500,658,kospi
바이오빌,065940,719,kosdaq
케이피엠테크,042040,1259,kosdaq
엘앤에프,066970,5236,kosdaq
디스플레이텍,066670,692,kosdaq
와이오엠,066430,1458,kosdaq
초록뱀,047820,1223,kosdaq
에프앤리퍼블릭,064090,649,kosdaq
쎌바이오텍,049960,1842,kosdaq
NE능률,053290,470,kosdaq
바른전자,064520,278,kosdaq
현대백화점,069960,18394,kospi
KG이니시스,035600,4758,kosdaq
넥스트BT,065170,1015,kosdaq
대호에이엘,069460,1395,kospi
파라다이스,034230,17552,kosdaq
대웅제약,069620,15700,kospi
젬백스지오,041590,643,kosdaq
마니커,027740,1312,kospi
S&T홀딩스,036530,2584,kospi
휴켐스,069260,9218,kospi
새로닉스,042600,457,kosdaq
세종공업,033530,1017,kospi
오리엔트정공,065500,461,kosdaq
케이알피앤이,060900,438,kosdaq
국보디자인,066620,1136,kosdaq
에스아이리소스,065420,413,kosdaq
와이디온라인,052770,253,kosdaq
필링크,064800,910,kosdaq
포스코강판,058430,1122,kospi
리노스,039980,556,kosdaq
현대바이오,048410,5178,kosdaq
삼성출판사,068290,1740,kospi
세이브존I&C,067830,1381,kospi
에스피지,058610,1566,kosdaq
토탈소프트,045340,241,kosdaq
교보증권,030610,3334,kospi
서호전기,065710,1208,kosdaq
파커스,065690,433,kosdaq
한샘,009240,14520,kospi
한프,066110,528,kosdaq
서울리거,043710,469,kosdaq
홈센타홀딩스,060560,1213,kosdaq
아비코전자,036010,727,kosdaq
큐렉소,060280,1828,kosdaq
제낙스,065620,732,kosdaq
이그잭스,060230,1200,kosdaq
옴니텔,057680,648,kosdaq
우원개발,046940,1233,kosdaq
신세계건설,034300,1054,kospi
인선이엔티,060150,3171,kosdaq
전파기지국,065530,1974,kosdaq
SM Life Design,063440,1328,kosdaq
우신시스템,017370,824,kospi
지어소프트,051160,718,kosdaq
지엔코,065060,1132,kosdaq
셀루메드,049180,1438,kosdaq
KH바텍,060720,4444,kosdaq
알에프텍,061040,1720,kosdaq
에스폴리텍,050760,721,kosdaq
이랜텍,054210,1363,kosdaq
라이브플렉스,050120,815,kosdaq
케이피티유,054410,240,kosdaq
3S,060310,1446,kosdaq
LG전자,066570,112753,kospi
화일약품,061250,961,kosdaq
오상자이엘,053980,1219,kosdaq
한국콜마홀딩스,024720,4009,kospi
농우바이오,054050,2108,kosdaq
케이엘넷,039420,581,kosdaq
S&T모티브,064960,6756,kospi
에스티아이,039440,3071,kosdaq
잉크테크,049550,693,kosdaq
대한뉴팜,054670,1615,kosdaq
씨티씨바이오,060590,1174,kosdaq
인탑스,049070,2468,kosdaq
KT서브마린,060370,834,kosdaq
피씨디렉트,051380,553,kosdaq
현진소재,053660,820,kosdaq
광주신세계,037710,2816,kospi
구영테크,053270,454,kosdaq
한국기업평가,034950,2688,kosdaq
뉴보텍,060260,389,kosdaq
동양에스텍,060380,296,kosdaq
백금T&A,046310,440,kosdaq
슈펙스비앤피,058530,353,kosdaq
고려신용정보,049720,732,kosdaq
제일바이오,052670,912,kosdaq
서울반도체,046890,7871,kosdaq
아가방컴퍼니,013990,1207,kosdaq
일야,058450,270,kosdaq
미코,059090,1704,kosdaq
에이앤티앤,050320,730,kosdaq
유신,054930,662,kosdaq
프럼파스트,035200,299,kosdaq
한국컴퓨터,054040,456,kosdaq
대동스틸,048470,645,kosdaq
레드로버,060300,291,kosdaq
링네트,042500,732,kosdaq
제이웨이,058420,214,kosdaq
큐로컴,040350,1283,kosdaq
팬스타엔터프라이즈,054300,515,kosdaq
피앤텔,054340,269,kosdaq
한빛소프트,047080,1026,kosdaq
일진디스플,020760,929,kospi
NHN한국사이버결제,060250,4973,kosdaq
금강철강,053260,663,kosdaq
룽투코리아,060240,1443,kosdaq
포스링크,056730,674,kosdaq
SKC 솔믹스,057500,2032,kosdaq
동아화성,041930,804,kosdaq
비츠로시스,054220,254,kosdaq
오리엔탈정공,014940,381,kosdaq
필룩스,033180,8352,kospi
크로바하이텍,043590,347,kosdaq
리노공업,058470,8551,kosdaq
성우테크론,045300,368,kosdaq
에스에프에이,056190,15979,kosdaq
신화인터텍,056700,1063,kosdaq
엑사이엔씨,054940,592,kosdaq
평화정공,043370,1991,kosdaq
종근당바이오,063160,1551,kospi
APS홀딩스,054620,1984,kosdaq
코위버,056360,969,kosdaq
성호전자,043260,315,kosdaq
UCI,038340,1411,kosdaq
YW,051390,398,kosdaq
삼영엠텍,054540,447,kosdaq
이니텍,053350,1039,kosdaq
에이디칩스,054630,305,kosdaq
유진로봇,056080,1159,kosdaq
태웅,044490,2081,kosdaq
경남제약,053950,2895,kosdaq
삼보모터스,053700,948,kosdaq
한컴위드,054920,506,kosdaq
코미팜,041960,8981,kosdaq
프리엠스,053160,351,kosdaq
코나아이,052400,2381,kosdaq
중앙오션,054180,651,kosdaq
SGA,049470,355,kosdaq
지에스이,053050,454,kosdaq
큐브앤컴퍼니,043090,964,kosdaq
소리바다,053110,585,kosdaq
아이디스홀딩스,054800,1397,kosdaq
코데즈컴바인,047770,1131,kosdaq
안랩,053800,6829,kosdaq
신한지주,055550,204143,kospi
YTN,040300,798,kosdaq
CMG제약,058820,6292,kosdaq
JYP Ent.,035900,7560,kosdaq
한국테크놀로지,053590,1354,kosdaq
KCC건설,021320,1444,kosdaq
세동,053060,169,kosdaq
프로텍,053610,1766,kosdaq
액토즈소프트,052790,1433,kosdaq
세코닉스,053450,807,kosdaq
바이넥스,053030,2771,kosdaq
오성첨단소재,052420,1589,kosdaq
웅진코웨이,021240,66789,kospi
태양,053620,763,kosdaq
W홀딩컴퍼니,052300,684,kosdaq
유아이엘,049520,1139,kosdaq
대원미디어,048910,989,kosdaq
센트럴바이오,051980,360,kosdaq
세아홀딩스,058650,3268,kospi
CJ프레시웨이,051500,3170,kosdaq
파인디앤씨,049120,529,kosdaq
디지아이,043360,230,kosdaq
코텍,052330,2079,kosdaq
한네트,052600,375,kosdaq
에스티큐브,052020,3190,kosdaq
에이치엘비파워,043220,1564,kosdaq
스카이문스테크놀로지,033790,223,kosdaq
큐로홀딩스,051780,334,kosdaq
이에스에이,052190,2003,kosdaq
나라엠앤디,051490,520,kosdaq
에코바이오,038870,622,kosdaq
에이텍,045660,763,kosdaq
SK바이오랜드,052260,2242,kosdaq
대아티아이,045390,4205,kosdaq
캠시스,050110,1674,kosdaq
SFA반도체,036540,4468,kosdaq
LG생활건강,051900,192104,kospi
LG화학,051910,222719,kospi
대우건설,047040,19264,kospi
포스코인터내셔널,047050,23750,kospi
대우조선해양,042660,3393,kospi
두산인프라코어,042670,11803,kospi
삼표시멘트,038500,3822,kosdaq
진양화학,051630,649,kospi
SM C&C,048550,1524,kosdaq
승일,049830,551,kosdaq
조광ILI,044060,919,kosdaq
피에스엠씨,024850,506,kosdaq
TPC,048770,627,kosdaq
코메론,049430,724,kosdaq
바이오제네틱스,044480,990,kosdaq
삼화네트웍스,046390,678,kosdaq
성광벤드,014620,2840,kosdaq
유라테크,048430,604,kosdaq
삼현철강,017480,649,kosdaq
오픈베이스,049480,1062,kosdaq
KCI,036670,1127,kosdaq
라온시큐어,042510,984,kosdaq
오로라,039830,1335,kosdaq
금화피에스시,036190,1773,kosdaq
코다코,046070,857,kosdaq
인바디,041830,3264,kosdaq
고려제약,014570,835,kosdaq
크린앤사이언스,045520,1667,kosdaq
포스코 ICT,022100,7434,kosdaq
동원F&B,049770,8374,kospi
럭슬,033600,204,kosdaq
KD,044180,388,kosdaq
이글벳,044960,1097,kosdaq
아즈텍WB,032080,389,kosdaq
두산중공업,034020,11502,kospi
오리콤,010470,575,kosdaq
위닉스,044340,4263,kosdaq
상지카일룸,042940,588,kosdaq
한국내화,010040,1108,kospi
엔피케이,048830,373,kosdaq
삼천당제약,000250,7461,kosdaq
에이치케이,044780,297,kosdaq
정원엔시스,045510,451,kosdaq
한양이엔지,045100,2088,kosdaq
누리텔레콤,040160,679,kosdaq
에쎈테크,043340,626,kosdaq
국순당,043650,554,kosdaq
엘컴텍,037950,1292,kosdaq
이오테크닉스,039030,11014,kosdaq
상상인,038540,5892,kosdaq
서울제약,018680,607,kosdaq
나노엔텍,039860,1341,kosdaq
파나진,046210,909,kosdaq
오공,045060,600,kosdaq
솔고바이오,043100,390,kosdaq
비츠로테크,042370,1303,kosdaq
코아시아,045970,1546,kosdaq
정상제이엘에스,040420,1231,kosdaq
진양제약,007370,465,kosdaq
넥슨지티,041140,2483,kosdaq
지니뮤직,043610,2229,kosdaq
진성티이씨,036890,1612,kosdaq
현대통신,039010,673,kosdaq
삼아제약,009300,1077,kosdaq
파루,043200,886,kosdaq
에스씨디,042110,636,kosdaq
한국정보공학,039740,253,kosdaq
디오,039840,6877,kosdaq
네오위즈홀딩스,042420,1240,kosdaq
다산네트웍스,039560,2468,kosdaq
바이오스마트,038460,930,kosdaq
에이아이비트,039230,477,kosdaq
우리기술,032820,883,kosdaq
안국약품,001540,1461,kosdaq
골드퍼시픽,038530,566,kosdaq
세중,039310,566,kosdaq
우리기술투자,041190,2520,kosdaq
HRS,036640,423,kosdaq
에스에이엠티,031330,2275,kosdaq
NICE평가정보,030190,8713,kosdaq
위즈코프,038620,474,kosdaq
이건홀딩스,039020,624,kosdaq
파인디지털,038950,381,kosdaq
나이스정보통신,036800,3260,kosdaq
SG&G,040610,675,kosdaq
아이에이,038880,1386,kosdaq
에스넷,038680,1093,kosdaq
에스엠,041510,8873,kosdaq
쌍용정보통신,010280,900,kosdaq
쎄니트,037760,560,kosdaq
대성미생물,036480,659,kosdaq
에코플라스틱,038110,462,kosdaq
케이엠더블유,032500,19364,kosdaq
화성밸브,039610,709,kosdaq
경남스틸,039240,439,kosdaq
마크로젠,038290,2667,kosdaq
희림,037440,610,kosdaq
레드캡투어,038390,1379,kosdaq
GS홈쇼핑,028150,9863,kosdaq
솔브레인,036830,13257,kosdaq
에프에스티,036810,1378,kosdaq
코맥스,036690,604,kosdaq
EG,037370,685,kosdaq
버추얼텍,036620,400,kosdaq
성도이엔지,037350,526,kosdaq
제일테크노스,038010,356,kosdaq
한세예스24홀딩스,016450,3036,kospi
무림SP,001810,510,kosdaq
세종텔레콤,036630,2395,kosdaq
심텍홀딩스,036710,624,kosdaq
파세코,037070,1284,kosdaq
영풍정밀,036560,1295,kosdaq
이테크건설,016250,2027,kosdaq
KTH,036030,2093,kosdaq
서희건설,035890,2433,kosdaq
주성엔지니어링,036930,3262,kosdaq
대성홀딩스,016710,1269,kospi
다우데이타,032190,3072,kosdaq
동진쎄미켐,005290,8046,kosdaq
선광,003100,1145,kosdaq
씨티젠,036170,1038,kosdaq
영인프런티어,036180,1522,kosdaq
제이에스티나,026040,822,kosdaq
한국팩키지,037230,550,kosdaq
삼지전자,037460,1563,kosdaq
우리조명,037400,248,kosdaq
대원제약,003220,3313,kospi
한국가스공사,036460,37202,kospi
SK머티리얼즈,036490,18511,kosdaq
네패스,033640,5246,kosdaq
인지디스플레,037330,933,kosdaq
위지트,036090,722,kosdaq
유니셈,036200,1457,kosdaq
유성티엔에스,024800,829,kosdaq
이매진아시아,036260,912,kosdaq
코리아나,027050,1446,kosdaq
SCI평가정보,036120,930,kosdaq
더블유에프엠,035290,302,kosdaq
서울전자통신,027040,776,kosdaq
대성창투,027830,812,kosdaq
예림당,036000,919,kosdaq
미래아이앤지,007120,417,kospi
CJ ENM,035760,32784,kosdaq
이지바이오,035810,3174,kosdaq
기산텔레콤,035460,344,kosdaq
제이테크놀로지,035480,672,kosdaq
화천기공,000850,856,kospi
팜스코,036580,1925,kospi
케이티앤지,033780,136606,kospi
한국조선해양,009540,81035,kospi
디씨엠,024090,1439,kospi
바른손이앤에이,035620,1306,kosdaq
솔본,035610,1164,kosdaq
시공테크,020710,973,kosdaq
신일제약,012790,762,kosdaq
조아제약,034940,1181,kosdaq
AK홀딩스,006840,4471,kospi
대한유화,006650,7702,kospi
백산,035150,1936,kospi
지투알,035000,1148,kospi
체시스,033250,704,kospi
인성정보,033230,422,kosdaq
인터파크홀딩스,035080,1401,kosdaq
동국산업,005160,1400,kosdaq
매일홀딩스,005990,1543,kosdaq
해성산업,034810,998,kosdaq
자화전자,033240,1808,kospi
케이티,030200,7892,kospi
하이트론씨스템즈,019490,191,kospi
녹십자셀,031390,5248,kosdaq
디에스티,033430,445,kosdaq
제일기획,030000,27380,kospi
한국정보통신,025770,3179,kosdaq
파라텍,033540,830,kosdaq
동성화인텍,033500,2553,kosdaq
디피씨,026890,2171,kospi
케이씨,029460,1837,kospi
드래곤플라이,030350,531,kosdaq
디케이디앤아이,033310,814,kosdaq
엠케이전자,033160,1670,kosdaq
제이씨현시스템,033320,958,kosdaq
포스코엠텍,009520,2161,kosdaq
스페코,013810,418,kosdaq
좋은사람들,033340,1062,kosdaq
대원화성,024890,600,kospi
모아텍,033200,652,kosdaq
코웰패션,033290,5312,kosdaq
코콤,015710,1192,kosdaq
E1,017940,3420,kospi
SK가스,018670,7825,kospi
다우기술,023590,8345,kospi
영보화학,014440,680,kospi
제룡전기,033100,1079,kosdaq
제이엠아이,033050,547,kosdaq
코너스톤네트웍스,033110,1225,kosdaq
디지틀조선,033130,900,kosdaq
바이온,032980,818,kosdaq
와이지-원,019210,2239,kosdaq
특수건설,026150,1018,kosdaq
아이즈비전,031310,612,kosdaq
SKC,011790,16834,kospi
동일기연,032960,440,kosdaq
소프트센,032680,645,kosdaq
원익,032940,683,kosdaq
원풍물산,008290,1587,kosdaq
웰바이오텍,010600,1080,kospi
한국주강,025890,208,kospi
삼진,032750,633,kosdaq
GMR 머티리얼즈,032860,418,kosdaq
비트컴퓨터,032850,704,kosdaq
엠젠플러스,032790,770,kosdaq
판타지오,032800,417,kosdaq
덕양산업,024900,399,kospi
부산도시가스,015350,4032,kospi
에쓰씨엔지니어링,023960,395,kospi
인지컨트롤스,023800,739,kospi
유비케어,032620,2808,kosdaq
피델릭스,032580,370,kosdaq
TJ미디어,032540,457,kosdaq
휴맥스홀딩스,028080,415,kosdaq
삼일,032280,326,kosdaq
경동인베스트,012320,783,kospi
뉴인텍,012340,252,kosdaq
에스제이엠홀딩스,025530,461,kospi
오스템,031510,578,kosdaq
콤텍시스템,031820,1069,kospi
에스마크,030270,75,kosdaq
엔에스엔,031860,354,kosdaq
피에스케이홀딩스,031980,434,kosdaq
SK하이닉스,000660,605698,kospi
MH에탄올,023150,466,kospi
국동,005320,430,kospi
동남합성,023450,880,kospi
삼성엔지니어링,028050,36848,kospi
신도리코,029530,3911,kospi
예스코홀딩스,015360,2262,kospi
퍼시스,016800,3387,kospi
세보엠이씨,011560,885,kosdaq
한일단조,024740,492,kosdaq
WISCOM,024070,406,kospi
동원수산,030720,460,kospi
미래산업,025560,1079,kospi
KTB투자증권,030210,1438,kospi
양지사,030960,1766,kosdaq
HDC,012630,6811,kospi
광전자,017900,1243,kospi
한국단자공업,025540,4603,kospi
원익홀딩스,030530,3244,kosdaq
한글과컴퓨터,030520,2676,kosdaq
메이슨캐피탈,021880,318,kosdaq
대호피앤씨,021040,775,kosdaq
바른테크놀로지,029480,514,kosdaq
디아이,003160,956,kospi
신성이엔지,011930,1645,kospi
티에이치엔,019180,706,kospi
한온시스템,018880,6586,kospi
미래SCI,028040,292,kosdaq
에이치엘비,028300,54130,kosdaq
팜스토리,027710,936,kosdaq
세원정공,021820,809,kospi
세하,027970,804,kospi
영풍제지,006740,678,kospi
유니온,000910,697,kospi
키다리스튜디오,020120,744,kospi
한섬,020000,7943,kospi
현대엘리베이터,017800,2563,kospi
환인제약,016580,2967,kospi
삼보판지,023600,1370,kosdaq
삼목에스폼,018310,1344,kosdaq
에이스침대,003800,3870,kosdaq
원익큐브,014190,773,kosdaq
계룡건설산업,013580,2009,kospi
두산건설,011160,3942,kospi
서원,021050,596,kospi
에스원,012750,36061,kospi
태경산업,015890,1654,kospi
한화갤러리아타임월드,027390,1281,kospi
리드코프,012700,1732,kosdaq
유니슨,018000,955,kosdaq
아난티,025980,1218,kosdaq
광진실업,026910,241,kosdaq
인터엠,017250,559,kosdaq
신대양제지,016590,2627,kospi
유양디앤유,011690,3393,kospi
남해화학,025860,4243,kospi
동원금속,018500,437,kospi
성안,011300,256,kospi
성우하이텍,015750,2900,kosdaq
대신정보통신,020180,563,kosdaq
서부T&D,006730,4540,kosdaq
경인양행,012610,3430,kospi
풀무원,017810,3489,kospi
현대상선,011200,1636,kospi
서울도시가스,017390,3570,kospi
이구산업,025820,552,kospi
동신건설,025950,514,kosdaq
동화기업,025900,3767,kosdaq
에넥스,011090,729,kospi
에이프로젠 KIC,007460,3158,kospi
제이준코스메틱,025620,1229,kospi
한국카본,017960,3354,kospi
신라에스지,025870,412,kosdaq
케이씨피드,025880,420,kosdaq
한탑,002680,425,kosdaq
한국선재,025550,737,kosdaq
대성엘텍,025440,1036,kosdaq
시노펙스,025320,1970,kosdaq
PN풍년,024940,230,kosdaq
삼천리자전거,024950,743,kosdaq
보령메디앙스,014100,949,kosdaq
KBI메탈,024840,565,kosdaq
경창산업,024910,500,kosdaq
대륙제관,004780,693,kosdaq
동원개발,013120,4036,kosdaq
세원물산,024830,524,kosdaq
이화전기,024810,1638,kosdaq
케이피에프,024880,927,kosdaq
KPX케미칼,025000,2609,kospi
지코,010580,474,kospi
태평양물산,007980,1412,kospi
KB오토시스,024120,691,kosdaq
신원종합개발,017000,430,kosdaq
흥구석유,024060,885,kosdaq
대한약품,023910,1932,kosdaq
이화공영,001840,1079,kosdaq
풍국주정,023900,2148,kosdaq
한국아트라스비엑스,023890,4886,kosdaq
대림제지,017650,598,kosdaq
대한광통신,010170,2684,kosdaq
동일철강,023790,323,kosdaq
플레이위드,023770,949,kosdaq
한국캐피탈,023760,878,kosdaq
한일사료,005860,796,kosdaq
KC그린홀딩스,009440,971,kospi
문배철강,008420,562,kospi
웅진,016880,1079,kospi
모베이스전자,012860,451,kosdaq
CNH,023460,597,kosdaq
국영지앤엠,006050,581,kosdaq
유진기업,023410,3788,kosdaq
제일제강,023440,637,kosdaq
보성파워텍,006910,1032,kosdaq
브이티지엠피,018290,3489,kosdaq
태광,023160,2594,kosdaq
오뚜기,007310,2586,kospi
일정실업,008500,217,kospi
한라,014790,1226,kospi
영신금속,007530,246,kosdaq
LS산전,010120,14820,kospi
신라섬유,001000,467,kosdaq
원일특강,012620,385,kosdaq
서한,011370,1362,kosdaq
대양금속,009190,1885,kospi
이화산업,000760,420,kospi
동원시스템즈,014820,7814,kospi
바른손,018700,347,kosdaq
부방,014470,1895,kosdaq
삼성중공업,010140,44226,kospi
모토닉,009680,2792,kospi
화신,010690,1299,kospi
대명코퍼레이션,007720,1698,kosdaq
대양제지,006580,901,kosdaq
유니크,011320,1196,kosdaq
진로발효,018120,2053,kosdaq
청보산업,013720,191,kosdaq
삼보산업,009620,232,kosdaq
푸드웰,005670,660,kosdaq
푸른저축은행,007330,1237,kosdaq
피제이전자,006140,722,kosdaq
베뉴지,019010,884,kosdaq
엠에스씨,009780,901,kosdaq
삼화페인트공업,000390,1391,kospi
데코앤이,017680,27,kosdaq
행남사,008800,808,kosdaq
경동나비엔,009450,5956,kospi
대동금속,020400,236,kosdaq
광림,014200,1267,kosdaq
대원산업,005710,1166,kosdaq
큐캐피탈,016600,854,kosdaq
한국가구,004590,595,kosdaq
포비스티앤씨,016670,695,kosdaq
중앙에너비스,000440,443,kosdaq
DB,012030,1607,kospi
삼광글라스,005090,1517,kospi
삼륭물산,014970,1603,kosdaq
대림비앤코,005750,707,kospi
경동제약,011040,2076,kosdaq
원풍,008370,434,kosdaq
네이처셀,007390,6241,kosdaq
삼일기업공사,002290,422,kosdaq
일지테크,019540,588,kosdaq
한일화학,007770,458,kosdaq
한국알콜,017890,1741,kosdaq
대주산업,003310,515,kosdaq
글로본,019660,1040,kosdaq
대한해운,005880,5630,kospi
메리츠종금증권,008560,26575,kospi
세명전기,017510,749,kosdaq
휴니드테크놀러지스,005870,974,kospi
수산중공업,017550,880,kospi
에이티넘인베스트,021080,953,kosdaq
롯데케미칼,011170,77120,kospi
대동기어,008830,269,kosdaq
세아베스틸,001430,6097,kospi
호텔신라,008770,31987,kospi
백광소재,014580,1238,kospi
화승알앤에이,013520,1288,kospi
신흥,004080,910,kospi
화승인더스트리,006060,6500,kospi
극동유화,014530,1227,kospi
고려산업,002140,939,kospi
피에스텍,002230,817,kosdaq
대현,016090,1120,kospi
케이비아이동국실업,001620,487,kospi
광명전기,017040,995,kospi
부산산업,011390,1695,kospi
STX,011810,1436,kospi
고려아연,010130,79726,kospi
코센,009730,1107,kosdaq
청호컴넷,012600,252,kospi
우리들제약,004720,788,kospi
무림페이퍼,009200,1103,kospi
현대차증권,001500,2934,kospi
금비,008870,629,kospi
대동전자,008110,368,kospi
원림,005820,387,kospi
서흥,008490,4049,kospi
성문전자,014910,463,kospi
넥스트사이언스,003580,1925,kospi
일진홀딩스,015860,2238,kospi
대영포장,014160,1219,kospi
영화금속,012280,666,kospi
신풍제약,019170,3873,kospi
동성제약,002210,4549,kospi
카스,016920,349,kosdaq
키위미디어그룹,012170,296,kospi
한올바이오파마,009420,16534,kospi
하이록코리아,013030,2430,kosdaq
유니켐,011330,1365,kospi
대창,012800,1144,kospi
일성건설,013360,692,kospi
카리스국보,001140,822,kospi
까뮤이앤씨,013700,553,kospi
보락,002760,1231,kospi
선도전기,007610,591,kospi
씨아이테크,004920,257,kospi
광동제약,009290,3806,kospi
갤럭시아에스엠,011420,523,kospi
남성,004270,1351,kospi
KISCO홀딩스,001940,2365,kospi
태영건설,009410,9856,kospi
한국특수형강,007280,446,kospi
한솔로지스틱스,009180,379,kospi
삼양통상,002170,1788,kospi
SK텔레콤,017670,195405,kospi
진양폴리우레탄,010640,290,kospi
미창석유공업,003650,1409,kospi
삼익THK,004380,2782,kospi
미원상사,002840,2849,kospi
서연,007860,795,kospi
SBI인베스트먼트,019550,1170,kosdaq
세우글로벌,013000,606,kospi
현대모비스,012330,23642,kospi
메디파트너생명공학,015540,425,kospi
KG케미칼,001390,1477,kospi
대우부품,009320,1108,kospi
현대해상,001450,24317,kospi
현대그린푸드,005440,11187,kospi
한국전력공사,015760,179429,kospi
국도화학,007690,2748,kospi
녹십자,006280,14141,kospi
SIMPAC,009160,1914,kospi
윌비스,008600,787,kospi
대창단조,015230,856,kospi
사조산업,007160,2002,kospi
한익스프레스,014130,583,kospi
사조동아원,008040,1560,kospi
경인전자,009140,328,kospi
무림P&P,009580,2903,kospi
인디에프,014990,1712,kospi
한솔피엔에스,010420,366,kospi
디와이,013570,1390,kospi
방림,003610,857,kospi
큐로,015590,1112,kospi
한솔케미칼,014680,1403,kospi
퍼스텍,010820,1052,kospi
리더스 기술투자,019570,391,kosdaq
엠벤처투자,019590,698,kosdaq
동원산업,006040,8128,kospi
대덕전자,008060,8230,kospi
한성기업,003680,353,kospi
모헨즈,006920,525,kosdaq
이스타코,015020,264,kospi
태림포장,011280,3296,kospi
아세아제지,002310,2682,kospi
화천기계,010660,626,kospi
CJ씨푸드,011150,1074,kospi
신화실업,001770,273,kospi
조일알미늄,018470,544,kospi
에스엘,005850,1267,kospi
영원무역홀딩스,009970,6981,kospi
더존비즈온,012510,22462,kospi
보령제약,003850,6586,kospi
폴루스바이오팜,007630,482,kospi
이건산업,008250,863,kospi
모나리자,012690,1452,kospi
대구백화점,006370,632,kospi
우성사료,006980,1015,kospi
유성기업,002920,723,kospi
한일철강,002220,459,kospi
삼익악기,002450,1639,kospi
화성산업,002460,1606,kospi
디티알오토모티브,007340,3033,kospi
보해양조,000890,1405,kospi
상상인증권,001290,1432,kospi
혜인,003010,608,kospi
금강공업,014280,993,kospi
엔케이물산,009810,657,kospi
율촌화학,008730,3670,kospi
신원,009270,1765,kospi
동방,004140,571,kospi
한국쉘석유,002960,4368,kospi
부광약품,003000,9403,kospi
풍산홀딩스,005810,2664,kospi
부국증권,001270,2312,kospi
계양전기,012200,927,kospi
한솔테크닉스,004710,2277,kospi
동성화학,005190,894,kospi
DB금융투자,016610,1866,kospi
한미사이언스,008930,25800,kospi
삼진제약,005500,3670,kospi
포스코,005490,192247,kospi
범양건영,002410,437,kospi
파미셀,005690,4959,kospi
동국제강,001230,5774,kospi
대원전선,006340,851,kospi
이수화학,005950,1650,kospi
삼성증권,016360,31121,kospi
삼영무역,002810,2896,kospi
한양증권,001750,947,kospi
금호석유화학,011780,22546,kospi
유안타증권,003470,5529,kospi
제일파마홀딩스,002620,2971,kospi
에이엔피,015260,318,kospi
한창제지,009460,1891,kospi
넥센,005720,3143,kospi
삼성공조,006660,708,kospi
세방전지,004490,5607,kospi
진원생명과학,011000,684,kospi
참엔지니어링,009310,554,kospi
한국프랜지공업,010100,688,kospi
코스모신소재,005070,2082,kospi
덕성,004830,476,kospi
신영증권,001720,5144,kospi
유진증권,001200,2097,kospi
유화증권,003460,1423,kospi
한신기계공업,011700,565,kospi
코스모화학,005420,847,kospi
가온전선,000500,820,kospi
S-Oil,010950,107629,kospi
한화에어로스페이스,012450,19644,kospi
삼화전자공업,011230,253,kospi
현대제철,004020,42102,kospi
써니전자,004770,1362,kospi
현대비앤지스틸,004560,1372,kospi
사조오양,006090,760,kospi
한화투자증권,003530,4430,kospi
삼화전기,009470,929,kospi
SK증권,001510,2883,kospi
평화홀딩스,010770,573,kospi
일신석재,007110,2204,kospi
동부제철,016380,7991,kospi
아이에스동서,010780,1519,kospi
SH에너지화학,002360,1222,kospi
대한화섬,003830,1227,kospi
코리아써키트,007810,2386,kospi
신세계,004170,25794,kospi
OCI,010060,15073,kospi
삼일제약,000520,1378,kospi
인스코비,006490,3068,kospi
일성신약,003120,2237,kospi
현대건설,000720,48217,kospi
TCC스틸,002710,646,kospi
에이프로젠제약,003060,2634,kospi
F&F,007700,18480,kospi
아남전자,008700,1708,kospi
현대미포조선,010620,16955,kospi
GS건설,006360,25136,kospi
삼아알미늄,006110,480,kospi
한국전자홀딩스,006200,329,kospi
삼성SDI,006400,161253,kospi
삼성전기,009150,82163,kospi
고려개발,004200,1659,kospi
동부건설,005960,1851,kospi
케이씨티시,009070,870,kospi
코오롱글로벌,003070,2622,kospi
빙그레,005180,5566,kospi
녹십자홀딩스,005250,9617,kospi
신한,005450,347,kospi
조선내화,000480,3696,kospi
현대약품,004310,1677,kospi
남양유업,003920,3384,kospi
남선알미늄,008350,5950,kospi
한국화장품제조,003350,1314,kospi
삼호,001880,3150,kospi
현대종합상사,011760,2361,kospi
LS,006260,15424,kospi
SK네트웍스,001740,14991,kospi
경농,002100,2863,kospi
티웨이홀딩스,004870,1403,kospi
동방아그로,007590,934,kospi
송원산업,004430,3768,kospi
진흥기업,002780,3193,kospi
한국석유공업,004090,701,kospi
천일고속,000650,1019,kospi
대원강업,000430,2257,kospi
만호제강,001080,679,kospi
조광피혁,004700,2616,kospi
세방,004360,2192,kospi
동양철관,008970,1320,kospi
대유에이텍,002880,973,kospi
남광토건,001260,1199,kospi
삼영전자공업,005680,1780,kospi
신영와코루,005800,909,kospi
오리엔트바이오,002630,1033,kospi
조비,001550,898,kospi
한국공항,005430,1298,kospi
조광페인트,004910,774,kospi
삼천리,004690,3499,kospi
성보화학,003080,971,kospi
조흥,002600,906,kospi
금양,001570,1040,kospi
사조대림,003960,1503,kospi
남영비비안,002070,1652,kospi
S&T중공업,003570,1989,kospi
한신공영,004960,1765,kospi
농심,004370,15115,kospi
삼영화학공업,003720,342,kospi
성신양회,004980,2025,kospi
신라교역,004970,1944,kospi
신풍제지,002870,505,kospi
종근당홀딩스,001630,4459,kospi
크라운해태홀딩스,005740,1559,kospi
한독,002390,3131,kospi
SG충방,001380,861,kospi
SK디스커버리,006120,4445,kospi
샘표,007540,1137,kospi
흥아해운,003280,509,kospi
GS글로벌,001250,1968,kospi
금호산업,002990,4432,kospi
삼부토건,001470,980,kospi
삼화콘덴서공업,001820,4922,kospi
페이퍼코리아,001020,556,kospi
동양,001520,3485,kospi
한화,000880,18702,kospi
JW중외제약,001060,6136,kospi
영풍,000670,11273,kospi
백광산업,001340,1159,kospi
성창기업지주,000180,1161,kospi
한창,005110,1219,kospi
삼화왕관,004450,1023,kospi
KR모터스,000040,913,kospi
고려제강,002240,4440,kospi
태양금속공업,004100,442,kospi
선창산업,002820,571,kospi
DRB동일,004840,1106,kospi
넥센타이어,002350,9308,kospi
SG세계물산,004060,1943,kospi
롯데정밀화학,004000,11894,kospi
동화약품,000020,2299,kospi
대림산업,000210,32016,kospi
LG상사,001120,6085,kospi
국제약품,002720,1034,kospi
태광산업,003240,12392,kospi
부산주공,005030,214,kospi
한일현대시멘트,006390,5416,kospi
CS홀딩스,000590,675,kospi
신성통상,005390,2508,kospi
DB하이텍,000990,7859,kospi
대림통상,006570,627,kospi
유유제약,000220,739,kospi
강남제비스코,000860,1427,kospi
대신증권,003540,6271,kospi
NH투자증권,005940,34613,kospi
미래에셋대우,006800,47596,kospi
신일산업,002700,1155,kospi
삼성제약,001360,2895,kospi
삼성화재해상보험,000810,106830,kospi
삼양식품,003230,6885,kospi
한화손해보험,000370,3397,kospi
NI스틸,008260,652,kospi
일동홀딩스,000230,1249,kospi
대동공업,000490,1440,kospi
오리온홀딩스,001800,11057,kospi
깨끗한나라,004540,886,kospi
태원물산,001420,321,kospi
코오롱,002020,2285,kospi
삼성전자,005930,3116226,kospi
대유플러스,000300,821,kospi
BYC,001460,1508,kospi
쌍용자동차,003620,3596,kospi
쌍용양회공업,003410,29022,kospi
SPC삼립,005610,8275,kospi
흥국화재,000540,2033,kospi
우리종금,010050,4497,kospi
일양약품,007570,4256,kospi
한진,002320,3718,kospi
한국수출포장공업,002200,762,kospi
현대자동차,005380,266017,kospi
모나미,005360,797,kospi
한화케미칼,009830,3116,kospi
아세아,002030,2432,kospi
카프로,006380,1344,kospi
롯데지주,004990,37505,kospi
대한방직,001070,1015,kospi
서울식품공업,004410,594,kospi
아이에이치큐,003560,2822,kospi
LS네트웍스,000680,2069,kospi
금호전기,001210,329,kospi
하이트진로홀딩스,000140,3295,kospi
노루홀딩스,000320,1655,kospi
기아자동차,000270,175522,kospi
효성,004800,17194,kospi
CJ,001040,26784,kospi
두산,000150,11947,kospi
휴스틸,005010,793,kospi
DB손해보험,005830,36887,kospi
대웅,003090,7907,kospi
동양물산기업,002900,1052,kospi
진양산업,003780,525,kospi
영진약품,003520,1297,kospi
케이씨씨,002380,23699,kospi
롯데칠성음료,005300,1671,kospi
일신방직,003200,1745,kospi
롯데푸드,002270,4997,kospi
아모레퍼시픽그룹,002790,64895,kospi
제주은행,006220,1304,kospi
한솔홀딩스,004150,1909,kospi
벽산,007210,1395,kospi
한국제지,002300,911,kospi
롯데손해보험,000400,6812,kospi
대한제분,001130,2636,kospi
대상,001680,8142,kospi
LG,003550,124414,kospi
동아쏘시오홀딩스,000640,5371,kospi
코리안리,003690,127,kospi
한국주철관공업,000970,2291,kospi
한일홀딩스,003300,2955,kospi
엔피씨,004250,1493,kospi
세아제강지주,003030,1990,kospi
대한전선,001440,5370,kospi
대한제당,001790,1622,kospi
삼양홀딩스,000070,5464,kospi
세기상사,002420,229,kospi
한국테크놀로지그룹,000240,12697,kospi
전방,000950,272,kospi
대한항공,003490,24233,kospi
디아이동일,001530,1818,kospi
유한양행,000100,27662,kospi
CJ대한통운,000120,36158,kospi
메리츠화재,000060,21656,kospi
경방,000050,2739,kospi
유수홀딩스,000700,1859,kospi
한진중공업홀딩스,003480,806,kospi
